{
 "signal": [
  0.6311714736485382,
  0.6616833473033381,
  0.7580586826846494,
  0.6785821997208983,
  0.7102852441837877,
  0.6751905085203428,
  0.6528943116596934,
  0.5974588563986839,
  0.6244512333558425,
  0.6546631255811182,
  0.5128214108408515,
  0.5010973801280683,
  0.6785821997208983,
  0.7895958658854947,
  0.6171237916034815,
  0.6646128248656686,
  0.5062481897376833,
  0.7102852441837877,
  0.7895958658854947,
  0.6081451263881401,
  0.6785223440476107,
  0.5640440658446864,
  0.6244512333558425,
  0.5832893008492942,
  0.61070022080772,
  0.6270322201539543,
  0.6546631255811182,
  0.5832893008492942,
  0.4947614591392253,
  0.48679542597800385,
  0.5128214108408515,
  0.61070022080772,
  0.4947614591392253,
  0.5109616224613608,
  0.6453117226672056,
  0.6751905085203428,
  0.6171237916034815,
  0.6081451263881401,
  0.6696144607497445,
  0.6663742930923292,
  0.6311714736485382,
  0.5339292367346087,
  0.6616833473033381,
  0.5010973801280683,
  0.6270322201539543,
  0.48679542597800385,
  0.5109616224613608,
  0.5339292367346087,
  0.7580586826846494,
  0.6528943116596934,
  0.6646128248656686,
  0.6785223440476107,
  0.6696144607497445,
  0.6008775629935382,
  0.5974588563986839,
  0.5062481897376833,
  0.5640440658446864,
  0.6453117226672056,
  0.6663742930923292,
  0.6008775629935382
 ],
 "alpha": 0.2
}